{
  "songs": [

    {
      "id": "1000000002",
      "title": "Chinese Traditional",
      "album": "Incompetech Free Tracks",
      "artist": "Kevin MacLeod",
      "source": "https://incompetech.com/music/royalty-free/mp3-royaltyfree/Chinese%20Traditional.mp3",
      "image": "https://incompetech.com/music/royalty-free/images/royalty-free.jpg",
      "duration": 145,
      "favorite": "false",
      "counter": 0,
      "replay": 0
    },
    {
      "id": "1000000003",
      "title": "China Town",
      "album": "420",
      "artist": "Audiobinger",
      "source": "https://files.freemusicarchive.org/storage-freemusicarchive-org/music/no_curator/Audiobinger/420/Audiobinger_-_05_-_China_Town.mp3",
      "image": "https://freemusicarchive.org/image?file=images%2Falbums%2FAudiobinger_-_420_-_20180419135924227.jpg",
      "duration": 165,
      "favorite": "false",
      "counter": 0,
      "replay": 0
    },
    {
      "id": "1000000004",
      "title": "Chinese New Year",
      "album": "Pixabay Music",
      "artist": "Glitch",
      "source": "https://cdn.pixabay.com/download/audio/2022/03/15/audio_27e993d3a3.mp3?filename=chinese-new-year-14236.mp3",
      "image": "https://cdn.pixabay.com/audio/2022/03/15/10-40-48-228_200x200.jpg",
      "duration": 138,
      "favorite": "false",
      "counter": 0,
      "replay": 0
    },
    {
      "id": "1000000005",
      "title": "Asian Meditation",
      "album": "Pixabay Music",
      "artist": "PenguinMusic",
      "source": "https://cdn.pixabay.com/download/audio/2022/10/03/audio_4e1fbcfcab.mp3?filename=asian-meditation-122107.mp3",
      "image": "https://cdn.pixabay.com/audio/2022/10/03/13-01-32-805_200x200.jpg",
      "duration": 203,
      "favorite": "false",
      "counter": 0,
      "replay": 0
    },
    {
      "id": "1121429554",
      "title": "Chạy Về Khóc Với Anh",
      "album": "Chạy Về Khóc Với Anh(Single)",
      "artist": "ERIK",
      "source": "https://thantrieu.com/resources/music/1121429554.mp3",
      "image": "https://thantrieu.com/resources/arts/1121429554.webp",
      "duration": 224,
      "favorite": "false",
      "counter": 20,
      "replay": 0
    },
    {
      "id": "1130295694",
      "title": "Như Anh Đã Thấy Em",
      "album": "Chẳng Thể Tìm Được Em 2",
      "artist": "Phúc XP ft Freak D",
      "source": "https://thantrieu.com/resources/music/1130295694.mp3",
      "image": "https://thantrieu.com/resources/arts/1130295694.webp",
      "duration": 302,
      "favorite": "false",
      "counter": 40,
      "replay": 0
    },
    {
      "id": "1130295695",
      "title": "Có Chơi Có Chịu",
      "album": "KARIK X ONLY C",
      "artist": "Karik ft Only C",
      "source": "https://thantrieu.com/resources/music/1130295695.mp3",
      "image": "https://thantrieu.com/resources/arts/1130295695.webp",
      "duration": 224,
      "favorite": "false",
      "counter": 57,
      "replay": 0
    },
    {
      "id": "1130295696",
      "title": "Hoa Nở không Màu",
      "album": "Đồng Dao Show",
      "artist": "Hoài Lâm",
      "source": "https://thantrieu.com/resources/music/1130295696.mp3",
      "image": "https://thantrieu.com/resources/arts/1130295696.webp",
      "duration": 257,
      "favorite": "false",
      "counter": 44,
      "replay": 0
    },
    {
      "id": "1130295697",
      "title": "Đế Vương",
      "album": "Ciray Remix-Cover",
      "artist": "Đình Dũng",
      "source": "https://thantrieu.com/resources/music/1130295697.mp3",
      "image": "https://thantrieu.com/resources/arts/1130295697.webp",
      "duration": 199,
      "favorite": "false",
      "counter": 240,
      "replay": 0
    },
    {
      "id": "1130295698",
      "title": "Thì Thôi",
      "album": "Remix-Đại Mèo",
      "artist": "Nal ft TVk ft 93NEW-G",
      "source": "https://thantrieu.com/resources/music/1130295698.mp3",
      "image": "https://thantrieu.com/resources/arts/1130295698.webp",
      "duration": 287,
      "favorite": "false",
      "counter": 545,
      "replay": 0
    },
    {
      "id": "1130295699",
      "title": "Trách Duyên Trách Phận",
      "album": "Unknown",
      "artist": "Đỗ Thành Duy",
      "source": "https://thantrieu.com/resources/music/1130295699.mp3",
      "image": "https://thantrieu.com/resources/arts/1130295699.webp",
      "duration": 284,
      "favorite": "false",
      "counter": 210,
      "replay": 0
    },
    {
      "id": "1130295700",
      "title": "Cưới Hông Chốt Nha",
      "album": "NH4T",
      "artist": "Út Nhị Mino",
      "source": "https://thantrieu.com/resources/music/1130295700.mp3",
      "image": "https://thantrieu.com/resources/arts/1130295700.webp",
      "duration": 257,
      "favorite": "false",
      "counter": 145,
      "replay": 0
    },
    {
      "id": "1130295701",
      "title": "Em Nên Dừng Lại",
      "album": "Em Nên Dừng Lại(Single)",
      "artist": "Khang Việt",
      "source": "https://thantrieu.com/resources/music/1130295701.mp3",
      "image": "https://thantrieu.com/resources/arts/1130295701.webp",
      "duration": 368,
      "favorite": "false",
      "counter": 150,
      "replay": 0
    },
    {
      "id": "1130295702",
      "title": "Người Lạ Thoáng Qua",
      "album": "Người Lạ Thoáng Qua(Single)",
      "artist": "Đinh Tùng Huy",
      "source": "https://thantrieu.com/resources/music/1130295702.mp3",
      "image": "https://thantrieu.com/resources/arts/1130295702.webp",
      "duration": 285,
      "favorite": "false",
      "counter": 320,
      "replay": 0
    },
    {
      "id": "1130295703",
      "title": "Ân Tình Sang Trang",
      "album": "Ân Tình Sang Trang(Single)",
      "artist": "Châu Khải Phong",
      "source": "https://thantrieu.com/resources/music/1130295703.mp3",
      "image": "https://thantrieu.com/resources/arts/1130295703.webp",
      "duration": 320,
      "favorite": "false",
      "counter": 415,
      "replay": 0
    },
    {
      "id": "1130295704",
      "title": "Pháo Hồng",
      "album": "Pháo Hồng(Single)",
      "artist": "Đạt Long Vinh",
      "source": "https://thantrieu.com/resources/music/1130295704.mp3",
      "image": "https://thantrieu.com/resources/arts/1130295704.webp",
      "duration": 235,
      "favorite": "false",
      "counter": 156,
      "replay": 0
    },
    {
      "id": "1130295705",
      "title": "Ai Chung Tình Được Mãi",
      "album": "Ai Chung Tình Được Mãi(Single)",
      "artist": "Đinh Tùng Huy",
      "source": "https://thantrieu.com/resources/music/1130295705.mp3",
      "image": "https://thantrieu.com/resources/arts/1130295705.webp",
      "duration": 335,
      "favorite": "false",
      "counter": 564,
      "replay": 0
    },
    {
      "id": "1073419268",
      "title": "Beautiful In White",
      "album": "Wild Angel's Collection",
      "artist": "Shayne Ward",
      "source": "https://thantrieu.com/resources/music/1073419268.mp3",
      "image": "https://thantrieu.com/resources/arts/1073419268.webp",
      "duration": 232,
      "favorite": "false",
      "counter": 0,
      "replay": 0
    },
    {
      "id": "1073850016",
      "title": "Where Have You Gone",
      "album": "Collection Songs",
      "artist": "Ricky J",
      "source": "https://thantrieu.com/resources/music/1073850016.mp3",
      "image": "https://thantrieu.com/resources/arts/1073850016.webp",
      "duration": 323,
      "favorite": "false",
      "counter": 0,
      "replay": 0
    },
    {
      "id": "1073969323",
      "title": "Vợ Tôi",
      "album": "TNCD 302 Vợ Tôi",
      "artist": "Mạnh Quỳnh",
      "source": "https://thantrieu.com/resources/music/1073969323.mp3",
      "image": "https://thantrieu.com/resources/arts/1073969323.webp",
      "duration": 307,
      "favorite": "false",
      "counter": 0,
      "replay": 0
    },
    {
      "id": "1073969708",
      "title": "Right Here Waiting For You",
      "album": "Wild Angel's Collection",
      "artist": "Richard Marx",
      "source": "https://thantrieu.com/resources/music/1073969708.mp3",
      "image": "https://thantrieu.com/resources/arts/1073969708.webp",
      "duration": 262,
      "favorite": "false",
      "counter": 0,
      "replay": 0
    }
  ]
}